Job_Title,Job_Company,Job_Location,Job_Salary
Data Scientist I,ReaderLink,"Oak Brook, IL",
"Intern, Data Science",Kemper,"Chicago, IL",
Data Science Analyst,Kin Insurance,"Chicago, IL",
Data Science Position [Various Levels],Royal Caribbean Cruises Ltd.,"Miami, FL",
Data Engineer - Data Science,Numerator,"Chicago, IL",
Data Scientist,Ropes & Gray,"Chicago, IL",
Data Science Intern,Capax Global LLC,"Chicago, IL",
Data Scientist,Inspire11,"Chicago, IL",
Data Scientist,"Vertical Trail, LLC","Chicago, IL","$79,645 - $160,861 a year"
Sports Statistician- Remote / Flexible,Blueprint Stats,"Bloomington, IL",From $15 an hour
Data Scientist (REMOTE),Neal Analytics,"Redmond, WA",$50 - $60 an hour
Data Scientist - First Team,Chicago Fire FC,"Chicago, IL",
Data Analyst (Entry Level),BTP,"Weston, FL",$20 an hour
Data Science Intern - SBG,Facebook,"Menlo Park, CA",
Data Scientist (all levels),Cascade Data Labs,"Portland, OR","$65,000 - $160,000 a year"
Data Scientist (all levels),Cascade Data Labs,"Portland, OR","$65,000 - $160,000 a year"
Full Time Opportunities for Students & Recent Graduates - MAIDAP Data Scientist,Microsoft,"Cambridge, MA",
Data Science & Analytics Internship (Summer 2021),TransUnion,"Chicago, IL",
Data Science Intern (Summer 2021),Wolverine Trading,"Chicago, IL",
INTERN - Data Science (VIRTUAL),US Foods,"Rosemont, IL",
Data Science Resident,Galvanize Inc.,United States,"$75,000 a year"
Statistician/Data Scientist,Intel,"Hillsboro, OR",
CCB - Quantitative Modeling/Data Science - Associate,"JPMorgan Chase Bank, N.A.","Columbus, OH",
Summer Research Trainee in Biomedical Big Data Science,"Ma'ayan Laboratory, Icahn School of Medicine at Mo...","New York, NY",$800 a week
Data Analyst,SalesPage Technologies,"Kalamazoo, MI",$17 - $62 an hour
Principal Data Science,Discover Financial Services,Remote,
Data Science Analyst,Blue Cross Blue Shield of Michigan,"Detroit, MI",
Data Science Intern,Galvanize Inc.,"Denver, CO","$62,400 a year"
Data Science Intern,HOF Capital,"New York, NY",
Junior Analyst / Data Scientist,"Arbor Research & Trading, LLC","Lake Barrington, IL","$40,000 - $65,000 a year"
Junior Analyst / Data Scientist,"Arbor Research & Trading, LLC","Lake Barrington, IL","$40,000 - $65,000 a year"
Data Science Fellow,Øptimus Consulting,"Alexandria, VA",
Data Scientist (Decision Science Identity Team),Epsilon,"Chicago, IL",
Data Science Intern,Credit Karma,"Charlotte, NC",
Data Science Consultant,Known,"New York, NY",
Internship Summer 2021 (Software Engineering / Data Science),Amobee,"Champaign, IL",
Product Data Scientist - Ads Data Science,Twitter,"San Francisco, CA",
Data Visualization Intern,Epsilon,"Chicago, IL",
Data Science Trainee,Axle Informatics,"Rockville, MD",
"Data Science Internship, Zoro",Zoro Tools,"Chicago, IL",
Professional-Data Scientist,AT&T,"Plano, TX",
Data Scientist Intern,Epsilon,"Chicago, IL",
Data Scientist,Bellese Technologies,Remote,"$130,000 - $150,000 a year"
Virtual HBO Max Data Science Intern – Summer 2021,Turner,"New York, NY",
Data Scientist - Analytics,Acorn Analytics,Remote,
Data Scientist,Northrop Grumman,"Melbourne, FL",
Data Scientist,Change Healthcare,"Lombard, IL",
Data science,Cognowiz solutions LLC,"Herndon, VA","$70,000 a year"
Data Analyst - All Levels,FedEx Services,"Lakeland, FL",
Data Scientist - NASA Atmospheric Science Data Center (ASDC),"Science System and Applications, Inc.","Hampton, VA",
Data Science Intern - Search and Information Retrieval,Grainger,"Chicago, IL",
Analyst Data Science,North Hospital,"Carmel, IN",
"Data Scientist, WW Consumer Controllership Data Science",Amazon.com Services LLC,"Seattle, WA",
Data Science Associate,ZS Associates,"Chicago, IL",
Data Scientist,Vanguard,"Malvern, PA",
Data Science Intern - Full-Time – Summer 2021,Arrow Electronics,"Centennial, CO",
Data Engineer,Equity Residential,"Chicago, IL",
Data Science Intern,First American,"Santa Ana, CA",
SAP Concur iXp Intern- Data Science,SAP,"Bellevue, WA",
Data Scientist - Life Sciences,Argonne National Laboratory,"Lemont, IL",
"Data Science Manager, Cash App",Cash App,"San Francisco, CA",
Data Analyst Specialist (Work-From-Home),Robin Healthcare,"Austin, TX",
Data Scientist,"ALYCE, INC.","Boston, MA",
Analytics Consultant (Data Scientist),CNA Insurance,"Chicago, IL",
Data Science Intern,Valmont Industries,"Omaha, NE",
Intern - Data Science,Akamai,"Fort Lauderdale, FL",
Senior Data Sciencnist,Explorium,"New York, NY",
Data Science & Analytics Development Program 2021b,John Deere,"Moline, IL",
Moody’s Data Science Development Program– Full Time,Moody's Corporation,"New York, NY",
Senior Reference Data Analyst,DRW,"Chicago, IL",
Jr. Data Scientist,Dash Technologies Inc,"Dallas, GA","$80,086 - $110,105 a year"
Data Science Engineer,Fearless,"Baltimore, MD",
Data Analyst Intern,Mann+Hummel,"Raleigh, NC",$20 an hour
Data Scientist,Photomath,"San Mateo, CA","$160,000 - $170,000 a year"
Data Scientist,Global Software Resources,"San Francisco, CA",$60 - $65 an hour
Data Science Intern - Search and Information Retrieval,Grainger,"Chicago, IL",
Analyst Data Science,North Hospital,"Carmel, IN",
"Data Scientist, WW Consumer Controllership Data Science",Amazon.com Services LLC,"Seattle, WA",
Senior Data Science Associate,TheMathCompany,"Chicago, IL",
Data Science Associate,ZS Associates,"Chicago, IL",
Data Scientist,Vanguard,"Malvern, PA",
"Assistant Director, Data Science / Director I, Data Science",Liberty Mutual Insurance,"Boston, MA","$121,700 a year"
Data Science Intern - Full-Time – Summer 2021,Arrow Electronics,"Centennial, CO",
Data Engineer,Equity Residential,"Chicago, IL",
Data Science Intern,First American,"Santa Ana, CA",
"Consultant, Data Science",U.S. Cellular,"Chicago, IL",
Data Engineer,Aunalytics,"South Bend, IN",
Data Scientist I,ReaderLink,"Oak Brook, IL",
Manager Data Science - IHM,Discover,"Riverwoods, IL",
Senior Manager Data Science - IHM,Discover,"Riverwoods, IL",
Data Scientist,Aspen Dental,"Chicago, IL",
"Vice President, Data Science & AI",Quicken Loans,"Detroit, MI",
Data Engineer,Alooba,"San Jose, CA",$30 - $70 an hour
Data Science & Analytics,Digital Trike,"South Jordan, UT",
Jr. Data Scientist,Cognowiz LLC,"Herndon, VA","$70,000 a year"
Global Technology People Strategy – Data Scientist,BNY Mellon,"Pittsburgh, PA",
2020 – 2021 Yearlong Data Science and Data Management Intern,Chicago Transit Authority,"Chicago, IL",$12 - $17 an hour
Web and Data Science DevOps,ETI Software Solutions,"Norcross, GA",
Data Science Consultant,Accenture,"Chicago, IL",
Data Science - Trust & Safety - Product Content,Roblox,"San Mateo, CA",
"Data Scientist I, Digital and Innovation",INFORMATION TECHNOLOGY SERVICE,"Opportunity, WA",$36.96 - $48.05 an hour
Data Scientist,AstraZeneca,"Gaithersburg, MD",
Data Scientist - Decision Sciences,"Groupon, Inc.","Chicago, IL",
Data Analytics Mentor,Pathrise,Remote,$40 - $45 an hour
Data Science Intern,Agari,California,
Data Science - Trust & Safety - Product Content,Roblox,"San Mateo, CA",
"Data Scientist I, Digital and Innovation",INFORMATION TECHNOLOGY SERVICE,"Opportunity, WA",$36.96 - $48.05 an hour
Data Scientist,AstraZeneca,"Gaithersburg, MD",
Data Scientist - Decision Sciences,"Groupon, Inc.","Chicago, IL",
Data Analytics Mentor,Pathrise,Remote,$40 - $45 an hour
Data Science Intern,Agari,California,
"Data Scientist, CLM",DocuSign,"Chicago, IL",
Data Scientist,Praxair,United States,
"Data Analyst, Data Science",TWO NIL,"Los Angeles, CA",
Product Management Consultant-AI and Data Science,Dell Technologies,"Round Rock, TX",
089: Data Science Analyst,Dataspace,"Detroit, MI",
Lasker Data Science Fellowship,Space Telescope Science Institute,"Baltimore, MD",
Data Intelligence Analyst,Consumer Reports,"Yonkers, NY",
Associate Data Scientist,Schrödinger,"Portland, OR",
Data Scientist Summer Intern,#TeamGoHealth,"Chicago, IL",
Associate Data Scientist,Schrödinger,"Portland, OR",
Data Scientist Summer Intern,#TeamGoHealth,"Chicago, IL",
Data Scientist,Boon Logic,Remote,
"Business Systems Analyst, Quality Systems & Data Science",Tesla,"Fremont, CA",
Data Scientist,Strong Analytics,"Chicago, IL",
Data Scientist,DICK'S Sporting Goods,"Coraopolis, PA",
Data Scientist Intern,"Kennametal, Inc.","Latrobe, PA",
Deals Data & Analytics Intern - Summer 2021,PRICE WATERHOUSE COOPERS,"Chicago, IL",
Arity-Data Science Team Lead (Remote-Home Based Worker),Allstate,"Chicago, IL",
Data Scientist,"Darwill, Inc.","Oakbrook Terrace, IL",
"SPA Data Science Specialist - Buenos Aires, Argentina",Syneos Health Clinical,Remote,
"Entry-Level Data Positions (Data Engineer, Machine Learning & Visualization)",Citi,"Jacksonville, FL",
Jr. Data Scientist,Cognowiz Solutions,"Herndon, VA","$70,000 a year"
Scientific Programmer I - Data Science,UT Southwestern,"Dallas, TX",
VP of Data Science & Analytics,"Harrison, Walker and Harper","Stillwater, OK",
"Data Scientist - Internal Platforms, Hire Signal",Indeed,Remote,"$130,000 - $156,000 a year"
Data Analyst,PayLink Direct,United States,"$49,716 - $113,345 a year"
Data Scientist,Whirlpool Corporation,"Lansing, MI",
Data Scientist,Activision Blizzard,"Santa Monica, CA",
Data Scientist,Credit Sesame,Remote,
Data Scientist - Sam's Club Technology,Sam's Club,"Bentonville, AR","$65,000 - $132,500 a year"
Data Scientist,Neuberger Berman,"New York, NY",
"Data Science Online Course Instructor (Part-Time, Contract)",DataCamp,New York State,"From $150,000 a year"
Sr. Data Scientist,SSIT Inc,"Boston, MA","$93,080 - $179,793 a year"
Data Scientist II,Abbvie,"Lake County, IL",
Data Analyst,Ann Arbor Pharmacometrics Group,"Ann Arbor, MI","$50,000 - $70,000 a year"
Data Science Summer Intern,Qlarant,"Easton, MD",
Data Scientist,"T. White Parker Associates, Inc.","Washington, DC",
Data Analytics Intern,TDS,"Chicago, IL",
"Intern, Data Science",Rockwell Automation,"Austin, TX",
Data Science Manager,"Agilent Technologies, Inc.","Santa Clara, CA",
Data Scientist,Ryzen Solutions,"San Francisco, CA",$58 - $75 an hour
Early career data scientist / analyst / statistical geneticist,Data Tecnica,"Glen Echo, MD",
Data Scientist,Cipher Skin,"Denver, CO",
Data Scientist - Advanced Analytics,State Farm,"Bloomington, IL",
Data Engineer,INTOLON,"Detroit, MI","$90,000 - $128,153 a year"
Data Scientist,"Vaporsens, Inc.","Salt Lake City, UT",
Data Scientist,IDEO,"New York, NY",
CDAO - Data Analytics Professionals,General Motors,"Warren, MI",
Manager Data Science,MAXIMUS,Remote,
Data Science & Analytics Specialist,Hogan Lovells,"Louisville, KY",
Data Engineering Intern (Virtual) - Summer 2021,Backcountry,"Park City, UT",
Data Science Manager: New York,Capgemini,"New York, NY",
Head of Data Science (USA),Scienaptic Systems,United States,
Data Scientist,Syneos Health Commercial Solutions,"New York, NY",
CDAO - Data Analytics Professionals,General Motors,"Warren, MI",
Manager Data Science,MAXIMUS,Remote,
Data Science & Analytics Specialist,Hogan Lovells,"Louisville, KY",
Data Engineering Intern (Virtual) - Summer 2021,Backcountry,"Park City, UT",
Data Science Manager: New York,Capgemini,"New York, NY",
Head of Data Science (USA),Scienaptic Systems,United States,
Data Scientist,Syneos Health Commercial Solutions,"New York, NY",
Data Science LDP,Thermo Fisher Scientific,"Waltham, MA",
Data Science,DataDog,"New York, NY",
Data Scientist,Kochava,"Sandpoint, ID",
"Teaching Assistant, Data Science",Kaplan,Remote,
National – Chicago – Consulting – Data and Analytics Senior - Winter 2021,Ernst & Young,"Chicago, IL",
Alight Campus - Data Science Analyst,Alight,"Chicago, IL",
Data Science Analyst,Global Pharma Tek,"Jacksonville, FL",
Data Science Intern,Intel,"Santa Clara, CA",
Data Scientist - Remote,Schneider,"Green Bay, WI",
Postdoctoral Appointee – Computational and Data Scientist,Argonne National Laboratory,"Lemont, IL",
Data Scientist,National Security Agency,"Fort Meade, MD","$103,690 - $159,286 a year"
Data Scientist,Lyra Health,"Burlingame, CA",
Data Science Engineer,Forcura,"Jacksonville, FL",
CCHIP Regional System Data Analyst,Hektoen Institute LLC,"Chicago, IL",
Data Scientist,Avant,"Chicago, IL",
Student Trainee (Data Science),US Department of Health And Human Services,"Seattle, WA",$20.93 - $25.53 an hour
Data Scientist Intermediate,Geisinger,"Danville, PA",
Business Analytics 2,PayPal,"Chicago, IL",
Data Scientist,Virginia Dept of Transportation,"Richmond, VA","$90,476 - $141,502 a year"
Junior Data Scientist( W2 roles only),IntelliLink Technologies Inc,"Princeton, NJ","$60,000 - $70,000 a year"
Data Scientist,Edward-Elmhurst Health,"Warrenville, IL",
"Data Scientist, Growth",Pinterest,"San Francisco, CA",
Data Scientist,Mitnick Security Consulting,"Atlanta, GA",$80 - $100 an hour
Data Scientist,Mitnick Security Consulting,"Atlanta, GA",$80 - $100 an hour
Biostatistician - Statistics and Data Science 1,Charles River Laboratories,"Mattawan, MI",
Data Science Intern – Finance,Thermo Fisher Scientific,"Waltham, MA",
Data Scientist/ Predictive Analytics Actuary,General Motors,"Warren, MI",
PhD Data Science Intern,HP,"San Diego, CA",
2021 Summer Graduate Intern - Global Drug Development - Data Science,Novartis,"East Hanover, NJ",
Data Science Programmer,The University of Pittsburgh,"Pittsburgh, PA","$46,644 - $76,440 a year"
Affiliate Faculty - Data Science - Online,Regis University,"Denver, CO",$440 a week
Data Science Intern,Stanford Health Care,"Redwood City, CA",
Senior Data Analyst,ReVise Consulting,"Louisville, KY","$50,000 - $55,000 a year"
Full Time Opportunities for PhD Students or Recent Graduates: Data & Applied Sciences,Microsoft,"Redmond, WA",
2021 Data Science Summer Internship,Lazard Ltd.,"New York, NY",
statistical programmer,Katalyst HealthCares & Life Sciences,"Deerfield, IL",$60 - $70 an hour
"Product Analyst, Data Science",Google,"New York, NY",
Data Science Consultant,Bridge Informatics,"Boston, MA","$80,000 - $97,000 a year"
Sr. Data Scientist,Schneider Electric,United States,
Head of Data Science,Schneider Electric,United States,
Healthcare Data Scientist,pulseData,"New York, NY",
Data Scientist II (Open to remote),American Family Insurance,Wisconsin,"Up to $162,500 a year"
"2021 Summer Internship - Data Science, Workflow Intelligence",Zebra Technologies,"Lincolnshire, IL",
"Data Analyst, Health Software",Apple,"Santa Clara Valley, CA",
Internal Data Scientist,CG/LA Infrastructure Inc.,"Washington, DC","$40,000 - $75,000 a year"
Data Engineer,HASH,Remote,
Data Analytics,Applicantz,"San Francisco, CA",$45 - $50 an hour
Data Scientist,Perceptive Automata,"Boston, MA",
Data Scientist Advanced Analytics,FNA,"Chicago, IL",
Entry level Data Scientist,Cloudbigdata Technologies,"Sayreville, NJ",
Data Scientist,SmartyPants Vitamins,"Marina del Rey, CA",
Data Scientist,Alliant Credit Union,"Rolling Meadows, IL",
Data Scientist,"Everly, LLC","Topeka, KS",
Data Scientist I,ReaderLink,"Oak Brook, IL",
Data Scientist,Cipher Skin,"Denver, CO",
Data Scientist - Advanced Analytics,State Farm,"Bloomington, IL",
Data Engineer,INTOLON,"Detroit, MI","$90,000 - $128,153 a year"
Data Scientist,"Vaporsens, Inc.","Salt Lake City, UT",
Data Scientist,IDEO,"New York, NY",
CDAO - Data Analytics Professionals,General Motors,"Warren, MI",
Manager Data Science,MAXIMUS,Remote,
Data Science & Analytics Specialist,Hogan Lovells,"Louisville, KY",
Data Engineering Intern (Virtual) - Summer 2021,Backcountry,"Park City, UT",
Data Science Manager: New York,Capgemini,"New York, NY",
Data Science Manager,PwC,"Chicago, IL",
"Analyst I, Data Science",Liberty Mutual Insurance,"Boston, MA","$134,300 a year"
"Vice President, Data Science (Atlanta, GA)",BlackRock,"Atlanta, GA",
Senior Manager Data Science - IHM,Discover,"Riverwoods, IL",
Lead Data Analyst,Discover,"Riverwoods, IL",
Strategy and Transactions- Decision Modeling & Economics- Data Science- Senior,Ernst & Young,"Chicago, IL",
DATA SCIENCE INTERN,JBS USA Food Company,"Greeley, CO",$18 - $30 an hour
Computational Mathematician/Statistician,Argonne National Laboratory,"Lemont, IL",
Data Scientist,Deloitte,"Harrisburg, PA",
Data Scientist,JES Tech,"Houston, TX","From $55,000 a year"
Assistant Biological Data Modeler,Argonne National Laboratory,"Lemont, IL",
Data Scientist,Elutions,"Delafield, WI",
Data Science Engineer,Lytics,"Portland, OR",
"Director, Data Science",Epsilon,"Chicago, IL",
"2021 Intern, Data Science",Waymo,Remote,
"Data Scientist, Career",Global Software Resources,United States,
Junior Data Scientist,Decode_M,"New York, NY",
Data Scientist,Concurrency,"Chicago, IL",
Data Scientist,PIN Business Network,"Englewood, CO",
"Data Analyst, Logistics",Tesla,"Fremont, CA",
Data Scientist,"Alto Neuroscience, Inc","San Francisco Bay Area, CA",
"Mgr, Data Science",CEDENT,"Tampa, FL","$110,000 - $120,000 a year"
Vibration Data Analyst,Johnson Controls,"Milwaukee, WI",
"Manager, Data Science and Analytics",Razorfish,"Chicago, IL",
Data Entry / Utility Rate Analyst,Energy Toolbase Software Inc.,"Stuart, FL",$17.30 an hour
Sr. Data Scientist,Kar Global,"Chicago, IL",
Senior Data Science Consultant-ML/AI,Dell Technologies,"Round Rock, TX",
"Director, Data Science",Lincoln Financial,"Dover, NH",
Data Scientist I Boulder,Sovrn Holdings,"Boulder, CO",
Data Scientist,Blueprint Technologies,Washington State,
Postdoctoral Appointee - Data Science and Learning for End-to-End Biological Programming,Argonne National Laboratory,"Lemont, IL",
DATA SCIENTIST,XSOLIS,"Nashville, TN",
Data Science Consultant,ZS Associates,"Chicago, IL",
Data Science Internship,Red Hat Software,"Raleigh, NC",
Asst. or Assoc. Teaching Professor - Data Science-Analytics,Georgetown University,"Washington, DC","$90,000 - $95,000 a year"
Data Scientist - Telecommute,U.S. Bank,"Portland, OR","$71,740 - $84,400 a year"
Data Science Intern,Aretove,Remote,
Data Scientist (Remote),Progressive Leasing,"Draper, UT",
Sr. Data Analyst,CTI Consulting,"Deerfield Beach, FL",$60 - $75 an hour
Jr. Data Mining Specialist,Local Listings Directory,"West Palm Beach, FL",$19 - $21 an hour
Data Scientist,INTOLON,"Detroit, MI","$89,819 - $157,483 a year"
Data Analyst,Advana,"Seattle, WA","$55,000 - $70,000 a year"
Data Science Leadership Development Program,Thermo Fisher Scientific,"Waltham, MA",
"Sr Modeler, Data Science",US Cellular,"Chicago, IL",
"Biostatistician II, Biostatistics and Data Science",Wake Forest Baptist Medical Center,"Winston-Salem, NC",
Data Science Intern,Logicfinder,"Redmond, WA",
"Data Science Co-Op/Intern - Farmington, CT",Otis,"Farmington, CT",
Sr. Data Scientist,Neal Analytics,"Redmond, WA",$35 - $40 an hour
Data Analyst,Red Lambda,Remote,
Entry Level Data Scientist,Spectra Infosystems,"San Mateo, CA",
Entry Level Data Scientist,Spectra Infosystems,"San Mateo, CA",
Earth Science Data System Progam Support Scientist,ASRC Federal Holding Company,"Washington, DC",
Data Science Analyst (REMOTE),MAXIMUS,Remote,
Data Engineer – Specialty Analytics,"Data Science Works, Inc","Northbrook, IL","$90,000 - $120,000 a year"
Research Scientist-Center for Data Science,New York University,"New York, NY",
Data Science Manager,Biz2Credit Inc.,"New York, NY","$150,000 - $225,000 a year"
Data Science Intern,Asurion,"Nashville, TN",
Data Analyst,kraken,Remote,
"Consultant, Data Science",US Cellular,"Chicago, IL",
"Applied Data Science Associate, Trusted AI",DataRobot,"Washington, DC",
Data Science Engineer,Nomi Health,"Austin, TX",
Data Science Intern,Hewlett Packard Enterprise,"Seattle, WA",
Transportation Data Analyst,EBP US,"Boston, MA",
Data Scientist,Publicis Media,"New York, NY",
Data Scientist,"Grammarly, Inc.","San Francisco, CA",
Spring Data Science Intern,Øptimus Consulting,"Alexandria, VA",
Data Scientist,PebblePost,"New York, NY","$88,656 - $222,212 a year"
"Associate, Big Data Engineer",CCC Information Services Inc.,"Chicago, IL",
People Data Scientist/Tableau Developer,Activision Blizzard,"Santa Monica, CA",
DATA SCIENTIST,Intouch Solutions,United States,
Associate Systems Engineer - Data Science,Unisys,"Blue Bell, PA",
Research and Data Analyst,ESC Region 11,"Fort Worth, TX",$84 an hour
Data Scientist,Unite Us,New York State,
Analytics & Data Science Lead,Mux,"San Francisco, CA",
Data Scientist - Entry Level,LLNL,"Livermore, CA",
Developer I - Data Science,Inland Empire Health Plans,"Rancho Cucamonga, CA",
Data Analyst/Scientist/Engineer,Cascade Data Labs,"Portland, OR","$65,000 - $120,000 a year"
Sr. Data Scientist,Abbott Laboratories,"Abbott Park, IL",
Data Scientist,BetterWorks,Remote,
Data Science Manager,"Continental Finance Company, LLC","Wilmington, DE","$130,000 - $140,000 a year"
Data Scientist,"Vaporsens, Inc.","Salt Lake City, UT",
Data Science Intern,Macedon Real Estate,"Pittsburgh, PA",$7.25 an hour
Manager Data Science - IHM,Discover,"Riverwoods, IL",
"Data Science Internships – Summer 2021, Remote",NBCUniversal,Remote,
Sr. Data Scientist,Schneider Electric,United States,
Head of Data Science,Schneider Electric,United States,
Healthcare Data Scientist,pulseData,"New York, NY",
Data Scientist II (Open to remote),American Family Insurance,Wisconsin,"Up to $162,500 a year"
"2021 Summer Internship - Data Science, Workflow Intelligence",Zebra Technologies,"Lincolnshire, IL",
"Data Analyst, Health Software",Apple,"Santa Clara Valley, CA",
Internal Data Scientist,CG/LA Infrastructure Inc.,"Washington, DC","$40,000 - $75,000 a year"
Data Engineer,HASH,Remote,
Data Analytics,Applicantz,"San Francisco, CA",$45 - $50 an hour
"Assistant Director, Data Science / Director I, Data Science",Liberty Mutual Insurance,"Boston, MA","$121,700 a year"
Data Scientist I,ReaderLink,"Oak Brook, IL",
"Data Scientist, Information Governance",Twilio,Oregon,
Single Family - Data Science - Associate,Fannie Mae,"Plano, TX",
DATA SCIENTIST,Bangura Solutions,Remote,
Data Analyst,PartsTrader,"Chicago, IL",
Data Analytics Intern,Pacific Life,"Newport Beach, CA",
Data Scientist,Vision,"Huntsville, AL","$150,000 - $180,000 a year"
Arity-Senior Data Scientist - Advertisers & Data Buyers (Remote-Home Based Worker),Allstate,"Chicago, IL",
Data Science Internship,KLA-Tencor,"Ann Arbor, MI",
Research Data Scientist,Facebook,"Seattle, WA",
Data Scientist,Cleco,"Pineville, LA",
"Manager, Data Science",Bath & Body Works,"Reynoldsburg, OH",
Junior Data Scientist (Portland or NY based),Mars,"Portland, OR",
Head of People Analytics and Data Science,Coinbase,Remote,
Data Science Analyst,Kochava,"Sandpoint, ID",
Data Science/Behavioral Analytics Intern,Assurant,"Atlanta, GA",
Data Analyst,PayLink Direct,United States,"$49,716 - $113,345 a year"
2021 WSI Technology Summer Internship - Machine Learning & Data Science,Williams Sonoma,"San Francisco, CA",
Sr. Data Science Analyst - Quantitative Health Sciences,Mayo Clinic,"Rochester, MN",
Data Scientist,Nielsen,"Chicago, IL",
Data Scientist (Contract),Pinnacol Assurance,"Denver, CO",
Head of Data Science and Analytics,Remind,California,
Data Scientist,Noom US,"New York, NY",
Associate Data Scientist - Decision Analytics,The Home Depot,"Atlanta, GA",
Researcher in Data Science/Statistics/Machine Learning/Applied Mathematics,Oak Ridge National Laboratory,"Oak Ridge, TN",
Quantitative Data Scientist,University of Utah,"Salt Lake City, UT","$75,900 - $130,049 a year"
"Data Scientist, Business Analytics",Oscar Health,"New York, NY",
Research Data Engineer Computational Social Science Lab,University of Pennsylvania,"Philadelphia, PA",
Data Scientist,kraken,Remote,
Data Science,Globalmax Solutions,"Rochester, MI",
"Director, Data Science",#TeamGoHealth,"Chicago, IL",
Data Scientist,Kin + Carta,"Chicago, IL",
Strategy and Transactions- Decision Modeling & Economics- Data Science- Manager,EY,"Chicago, IL",
Data Scientist,LiveFree Health,Remote,
Data Engineer,Inspire11,"Chicago, IL",
Data Scientist 2,PayPal,"Chicago, IL",
"Intern, Data Science (Graduate)",Horizon,"Deerfield, IL",
Global Fraud Data Science and Analytics Leader,TransUnion,"Chicago, IL",
Postdoctoral Appointee –Data Management for AI,Argonne National Laboratory,"Lemont, IL",
Marketing Data Analyst (Remote),Daxko,"Chicago, IL",
Data Scientist Intern,LOCKHEED MARTIN CORPORATION,"Huntsville, AL",
Data Science - Payments & Fraud,Roblox,"San Mateo, CA",
Data Engineer,A.G Tech Solutions,"New York, NY",Up to $75 an hour
Data Scientist,O'Neil Digital Solutions,"Los Angeles, CA",$70 - $85 an hour
Data Science Intern,Guidepoint,"New York, NY",
Data Scientist,Okaya Corp,"Irving, TX",
Data Scientist,Okaya Corp,"Irving, TX",
Junior Data Scientist,PIÑATA SCIENCES,"Boston, MA",
DATA SCIENTIST,GRANT THORNTON,"Chicago, IL",
Director Data Science,Sky RPO,"New York, NY","$180,000 - $220,000 a year"
Data Science Engineer (Acuitas Health),CDPHP,"Albany, NY",
"Data Scientist, Consumer Activation & Personalization",Mars,"Chicago, IL",
Associate Data Science & Analytics,Razorfish,"New York, NY",
Data Analyst - TLV,Diagnostic Robotics,"New York, NY",
"Data Scientist, Square for Restaurants",Square,"New York, NY",
Data Science Intern,ENGAGE Talent,"Charleston, SC",
Data Scientist - San Francisco Bay Area,Averna,"Sunnyvale, CA",
"Technical Recruiter, Data Science",Root Insurance Company,Remote,
Director Data Engineering,B2Z Insurance,"Schaumburg, IL",
Data Scientist,Rhino,New York State,
Data Scientist,Ursi Technologies Inc,"Houston, TX","$76,075 - $175,319 a year"
Data Science Accelerator Internship,Truist Financial,"Atlanta, GA",
Data Scientist,Tinybeans,Remote,
Data Scientist,Source Enterprises,"New York, NY",
Data Scientist,John Deere,Illinois,
Data Scientist Internship (Graduate),CVS Health,"New York, NY",
Director Global Data Science,Johnson & Johnson Family of Companies,"New York, NY",
Data & Applied Scientist,Microsoft,"Redmond, WA",
"Data Science Intern, Franklinton NC",Novozymes,"Franklinton, NC",
"Data Science, Sr. Analyst",The University of Chicago,"Chicago, IL",
ML / Data Science Intern (Summer 2021),Splunk,"San Francisco, CA",
Data Scientist Analyst,Talent Hire consulting,"Dearborn, MI",$45 - $50 an hour
Sport Activity Experience Data Science Director,Nike,"Beaverton, OR",
VP of Data Science,American Credit Acceptance,"Spartanburg, SC",
"Technical Product Manager, Data Science Platform",Indeed,Remote,"$110,000 - $143,000 a year"
Senior Manager Data Science - IHM,Discover Financial Services,"Riverwoods, IL",
VP of Data Science,American Credit Acceptance,"Spartanburg, SC",
"Technical Product Manager, Data Science Platform",Indeed,Remote,"$110,000 - $143,000 a year"
Senior Manager Data Science - IHM,Discover Financial Services,"Riverwoods, IL",
"Analyst, Data Science",Ovative Group,"Minneapolis, MN",
Data Analyst,PayLink Direct,United States,"$49,716 - $113,345 a year"
Data Scientist - Advisor,CVS Health,"Northbrook, IL",
Data Insights – Advisor,"Data Science Works, Inc","Northbrook, IL","$90,000 - $120,000 a year"
Beyonders 2021 Summer Program - Data Science,Beyond Limits,"Glendale, CA",
Data Analyst,Hopper,Remote,
Data Engineer IT - Big Data Services,TTS Solutions Inc,"Houston, TX",$65 - $70 an hour
"Data Scientist, Growth",Square,"Oakland, CA",
Data Science Intern,Veritas Technologies,"Santa Clara, CA",
Data Analyst,Cognoa,California,
Data Science Computer Vision Intern at UIUC Research Park - Summer 2021,Cargill,"Champaign, IL",
DATA SCIENTIST- PROGRAMMER ANALYST,University of Wisconsin–Madison,"Madison, WI",
DSP Data Science Intern,Shure Incorporated,"Niles, IL",
Vitria Data Scientist,Vitria Technology,"Menlo Park, CA",
Data Visualization Intern,Public Health Institute,"Washington, DC","$3,738 a month"
Research Data Scientist I,Cleveland Clinic,"Cleveland, OH",
Data Analyst,Urbint,Pennsylvania,
Internship - Real World Data Science and Innovation,Novo Nordisk,"Plainsboro, NJ",
Data Visualization Analyst,Discovery,"New York, NY",
Intern Masters Data Science,Honeywell,"Atlanta, GA",
Data Science Summer Institute Undergraduate Student Internship,LLNL,"Livermore, CA",
Data Scientist II,Jet Propulsion Laboratory,"La Cañada Flintridge, CA",
BSA Data Science,Agama Solutions,"San Francisco, CA",$55 an hour
Data Engineer - Permanently Remote,"Segmint, Inc.",Remote,"$65,000 - $90,000 a year"
Software Developer - Data Science Team,Campspot,"Denver, CO",
"AVP, Data Science",Deloitte,"Washington, DC",
Data Science Leadership Development Program - Internship,Travelers,"Saint Paul, MN",
Intern- Data Science,Gilead Sciences,"Foster City, CA",
Data Scientist – Mojang,Microsoft,"Redmond, WA",
Data Science Intern,Covance,"Princeton, NJ",
Data Analyst,Pack Health,"Birmingham, AL",
"Data Engineering Internships – Summer 2021, Remote",NBCUniversal,Remote,
Data Science Intern,Rapid7,"Boston, MA",
Data Scientist,Change Research,"San Francisco, CA","$90,000 - $130,000 a year"
Data Analyst,AdTheorent,"New York, NY",
Data Scientist,Unlearn.AI,"San Francisco, CA",
Data Science Analyst,xentity corporation,"Denver, CO",
Data Scientist /AI Developer,InformAI,"Houston, TX",
Data Science Analyst,Weber-Stephen Products LLC,United States,
Data Scientist,ASRC Federal Holding Company,"Morrisville, NC",
Data Science Manager,Indeed,"Austin, TX","$157,000 - $191,000 a year"
Data Engineer,TechMedia Services,"New York, NY","$105,582 - $232,654 a year"
Data Science Intern,Hartford Steam Boiler,"Hartford, CT",
Intern- Data Science,Gilead Sciences,"Foster City, CA",
Data Scientist – Mojang,Microsoft,"Redmond, WA",
Data Science Intern,Covance,"Princeton, NJ",
Data Analyst,Pack Health,"Birmingham, AL",
"Data Engineering Internships – Summer 2021, Remote",NBCUniversal,Remote,
Data Science Intern,Rapid7,"Boston, MA",
Data Scientist,Change Research,"San Francisco, CA","$90,000 - $130,000 a year"
Data Analyst,AdTheorent,"New York, NY",
Data Scientist,Unlearn.AI,"San Francisco, CA",
Data Science Analyst,xentity corporation,"Denver, CO",
Data Science Analyst,Weber-Stephen Products LLC,United States,
Data Scientist,ASRC Federal Holding Company,"Morrisville, NC",
Data Science Manager,Indeed,"Austin, TX","$157,000 - $191,000 a year"
Data Engineer,TechMedia Services,"New York, NY","$105,582 - $232,654 a year"
Data Science Manager,Indeed,"Austin, TX","$157,000 - $191,000 a year"
Data Engineer,TechMedia Services,"New York, NY","$105,582 - $232,654 a year"
Reporting Data Analyst,Virginia VA Retirement System,"Richmond, VA","$60,000 - $75,000 a year"
Data Engineer,OnePointOne,Arizona,
Data Scientist 1,Experian,United States,
Data Scientist - Value Institute,NewYork-Presbyterian Hospital,"Manhattan, NY",
Data Engineer,Tesla,"Fremont, CA",
Data Scientist – Manufacturing Technology,Northrop Grumman,"Palmdale, CA",
Data Scientist,eBay Inc.,"San Jose, CA",
Data Scientist,Cloudentity,"Seattle, WA",
Software Development Engineer I (Front-End & Data Engineering),Fred Hutchinson Cancer Research Center,"Seattle, WA",
"VP, Data Science","naviHealth, Inc.","Brentwood, TN",
Support Staff-Data Scientist-Pending Board Approval,School District of Osceola County,"Kissimmee, FL",
DATA SCIENTIST,Big Bright International,"Chicago, IL",
"R&D Scientist, Data Science","Berkeley Lights, Inc.","Emeryville, CA",
"Intern, Data Analytics",Trinity Industries,"Dallas, TX",
Data Engineer L2,Capgemini,"Beaverton, OR",
"Statistical Analyst, Panel Science","comScore, Inc.","Chicago, IL",
Data Scientist,MGMT3D,"Bloomington, MN",$39 - $48 an hour
Physiological Data Scientist,Ann & Robert H. Lurie Children's Hospital of Chica...,"Chicago, IL",
Data Science Engineer,BIOINTELLISENSE INC,Remote,
DATA SCIENTISTS,INBOX AMERICA CONSULTING SERVICES,"Alexandria, VA",
"Manager, Data Science",Simpson Thacher & Bartlett LLP,"New York, NY",
"Senior Data Scientist, Advanced Analytics",#TeamGoHealth,"Chicago, IL",
Deep Learning Intern,Grainger,"Chicago, IL",
Senior Associate Data Strategy,Publicis Sapient,"Chicago, IL",
Data Science Product Manager,Corvus Insurance,Massachusetts,
Data Scientist,"Willowview Consulting, LLC","Eagle, ID",$30 - $60 an hour
IT Data Scientist,Corning,"Painted Post, NY",
"Data Scientist, Analytics-Remote Presence",Facebook,"Bellevue, WA",
Data Scientist,Betterview,"New York, NY",
Data Analyst with Python Programming,Solytics Partners LLC,Remote,"$50,000 - $70,000 a year"
2021 - Data Scientist,The Aerospace Corporation,"Chantilly, VA",
Intern – Data Science / Analyst,FARO Technologies,"Lake Mary, FL",
Data Scientist,JUDICIAL COUNCIL OF CALIFORNIA,"San Francisco, CA",$70 - $83 an hour
Data Scientist - Immediate weekend Interview,Amgenium,"Louisville, KY",$45 - $50 an hour
Data Scientist - 009,Bridgewater Consulting Group,"Rosemead, CA",
Data Scientist,SSM Health,"St. Louis, MO",
"Intern, Data Science / Visualization",STAR Labs,"Los Gatos, CA",
Data Scientist Graduate Intern,Intel,"Phoenix, AZ",
Data Scientist/Integrator (Part-Time),KBR,"Lexington Park, MD",
Data Science Intern,Rakuten Shop Style,"San Mateo, CA",
Data Science Marketing Specialist,SmartUQ,"Madison, WI",
Data Science & Analytics Summer Intern 2021b,John Deere,"Moline, IL",
Rotational Analyst,ION,"New York, NY",
"Full Time Sr. Data Scientist/Algorithm Engineer - Irvine, Ca",11Health and Technologies Inc,"San Diego, CA","$100,000 - $130,000 a year"
2021 WSI Technology Summer Internship - Machine Learning & Data Science,Williams Sonoma,"San Francisco, CA",
Sr. Data Science Analyst - Quantitative Health Sciences,Mayo Clinic,"Rochester, MN",
Data Scientist,Nielsen,"Chicago, IL",
Data Scientist (Contract),Pinnacol Assurance,"Denver, CO",
Head of Data Science and Analytics,Remind,California,
Data Scientist Internship (Homeowners Insurance),Plymouth Rock Assurance,"Boston, MA",
Data Scientist,Noom US,"New York, NY",
Associate Data Scientist - Decision Analytics,The Home Depot,"Atlanta, GA",
Researcher in Data Science/Statistics/Machine Learning/Applied Mathematics,Oak Ridge National Laboratory,"Oak Ridge, TN",
Quantitative Data Scientist,University of Utah,"Salt Lake City, UT","$75,900 - $130,049 a year"
Manager Data Science - IHM,Discover,"Riverwoods, IL",
Principal Data Science,Discover,"Crystal Lake, IL",
Senior Risk Adjustment Data Analyst,Advantmed,Remote,"$90,000 - $110,000 a year"
Data Scientist,"Vaporsens, Inc.","Salt Lake City, UT",
Senior Data Science Associate,TheMathCompany,"Chicago, IL",
Data Scientist I,ReaderLink,"Oak Brook, IL",
Part-Time Data Science Instructor,Attadale Partners,"Schaumburg, IL",
Senior Data Scientist (Machine Learning),SpotHero,"Chicago, IL",
Part Time Data Science Instructor,Kaplan,Remote,
Data Monitoring Analyst,IQVIA,"Orchard Park, NY",
Data 2 the People 2020 Election Fellow,Data 2 the People,Remote,
"Data Engineer - Remote, SF, or DEN",Quizlet,"San Francisco, CA",
Jr. Machine Learning Engineers,Enhance IT,"Atlanta, GA",$35 - $40 an hour
Data Scientist,Root Insurance Company,"Columbus, OH",
"Data Scientist, Insights & Analytics",US Foods,"Rosemont, IL",
Data Science Intern,Logistics Management Institute,"Tysons, VA",
Data Science Specialist,Accenture,"San Diego, CA",
Data Engineer,IMC Financial Markets,"Chicago, IL",
Data Science Intern,Guidepoint Global,"New York, NY",
Assistant Professor - Computer Science,Tulsa Community College,"Tulsa, OK",
Business Intelligence Analyst / Data Scientist,World Education Services,"New York, NY",
"Vice President, Data Management",Discover Financial Services,"Riverwoods, IL",
Data Science Director,Visa,"Arlington, VA",
"Senior Director, Search Data Science",Nike,"Beaverton, OR",
Data Scientist,Second Genome,"Brisbane, CA",
Data Engineer,1010data,"New York, NY",
Data Science Teaching Assistant (USA Remote),Pathrise,Remote,
Data Scientist,Anchor Loans LP,"Thousand Oaks, CA",
Data Scientist Intern,Elutions,"Tampa, FL",
Data Analyst (3-5),Function of Beauty,"New York, NY",
Machine Learning / NLP Data Scientist,Attadale Partners,"Schaumburg, IL",
Data Scientist - All Levels,FedEx Services,"Collierville, TN",
Data Strategy Data Scientist,"Jefferies & Company, Inc.","New York, NY",
Associate Data Science Business & Operations Management Director,Astellas Pharmaceuticals,"Northbrook, IL",
Data Analyst,Icon Fitness,"Logan, UT",
Manager - Data Science,PayPal,"Wilmington, DE",
Data Science Teaching Assistant (USA Remote),Pathrise,Remote,
Data Scientist,Anchor Loans LP,"Thousand Oaks, CA",
Data Scientist Intern,Elutions,"Tampa, FL",
Data Analyst (3-5),Function of Beauty,"New York, NY",
Machine Learning / NLP Data Scientist,Attadale Partners,"Schaumburg, IL",
Data Scientist - All Levels,FedEx Services,"Collierville, TN",
Data Strategy Data Scientist,"Jefferies & Company, Inc.","New York, NY",
Associate Data Science Business & Operations Management Director,Astellas Pharmaceuticals,"Northbrook, IL",
Data Analyst,Icon Fitness,"Logan, UT",
Manager - Data Science,PayPal,"Wilmington, DE",
Data Scientist,Tesla,"Fremont, CA",
Data Scientist,Cognizant Technology Solutions,"Plano, TX",
"Assoc Director, Data Science",Biogen,"Research Triangle Park, NC",
Senior Data Scientist,Delta,"Atlanta, GA",
"Data Scientist, Market & Analytics",Edison Energy,"Boston, MA",
Associate Data Science Business & Operations Management Director,Astellas Pharmaceuticals,"Northbrook, IL",
Data Analyst,Icon Fitness,"Logan, UT",
Manager - Data Science,PayPal,"Wilmington, DE",
Data Scientist,Tesla,"Fremont, CA",
Data Scientist,Cognizant Technology Solutions,"Plano, TX",
"Assoc Director, Data Science",Biogen,"Research Triangle Park, NC",
Senior Data Scientist,Delta,"Atlanta, GA",
"Data Scientist, Market & Analytics",Edison Energy,"Boston, MA",
Autopilot - Deep Learning Internship (Summer 2021),Tesla,"Palo Alto, CA",
"Adjunct Associate Faculty, Financial Data Science and Machine Learning ( On-Campus, Summer '21)",Columbia University,"New York, NY",
Data Science - Sr. Associate,Fannie Mae,"Washington, DC",
Data Scientist,Technamo LLC,"Richmond, VA",
Amway Data Analyst Internship,Amway Inc.,"Ada, MI",
Data Scientist II,Resiliency LLC,"Broomfield, CO",
Data Engineer - Remote,Octane,Remote,
"Full Time Sr. Data Scientist/Algorithm Engineer - Irvine, Ca",11Health and Technologies Inc,"San Diego, CA","$100,000 - $130,000 a year"
Principal Data Science - IHM,Discover,"Riverwoods, IL",
"Data Scientist, Experimental",Sightly,"San Diego, CA","$100,000 - $125,000 a year"
Data Scientist Internship (Graduate),CVS Health,"New York, NY",
Director Global Data Science,Johnson & Johnson Family of Companies,"New York, NY",
Data & Applied Scientist,Microsoft,"Redmond, WA",
"Data Science Intern, Franklinton NC",Novozymes,"Franklinton, NC",
"Data Science, Sr. Analyst",The University of Chicago,"Chicago, IL",
ML / Data Science Intern (Summer 2021),Splunk,"San Francisco, CA",
Data Scientist Analyst,Talent Hire consulting,"Dearborn, MI",$45 - $50 an hour
Sport Activity Experience Data Science Director,Nike,"Beaverton, OR",
VP of Data Science,American Credit Acceptance,"Spartanburg, SC",
"Technical Product Manager, Data Science Platform",Indeed,Remote,"$110,000 - $143,000 a year"
"Assistant Director, Data Science / Director I, Data Science",Liberty Mutual Insurance,"Seattle, WA","$121,700 a year"
"Vice President, Data Science (Atlanta, GA)",BlackRock,"Atlanta, GA",
"MANAGER, ACCOUNT DEVELOPMENT/DATA SCIENCE","B.A.S.S., LLC","Birmingham, AL",
"Vice President, Data Science (Atlanta, GA)",BlackRock,"Atlanta, GA",
Data Scientist (Decision Science Identity Team),Epsilon,"Chicago, IL",
Principal Data Science - IHM,Discover,"Riverwoods, IL",
Manager Data Science - IHM,Discover,"Riverwoods, IL",
Lead Data Analyst,Discover,"Riverwoods, IL",
Senior Manager Data Science - IHM,Discover Financial Services,"Riverwoods, IL",
"Analyst, Data Science",Ovative Group,"Minneapolis, MN",
Data Scientist - Advisor,CVS Health,"Northbrook, IL",
Data Insights – Advisor,"Data Science Works, Inc","Northbrook, IL","$90,000 - $120,000 a year"
Beyonders 2021 Summer Program - Data Science,Beyond Limits,"Glendale, CA",
Data Analyst,Hopper,Remote,
Data Engineer IT - Big Data Services,TTS Solutions Inc,"Houston, TX",$65 - $70 an hour
"Data Scientist, Growth",Square,"Oakland, CA",
Data Science Intern,Veritas Technologies,"Santa Clara, CA",
Data Analyst,Cognoa,California,
Business Data Analyst,Full Circle Financial Services,"Tampa, FL","$70,000 - $90,000 a year"
Data Engineer,Tekcogno,"San Jose, CA","$86,738 - $120,000 a year"
Data Science Analyst - McKinsey Analytics / QuantumBlack (Campus Student),McKinsey & Company,"Boston, MA",
Data Science Internship,"DriveTime Automotive Group, Inc.","Tempe, AZ",
Data Engineer,LiveBy,Remote,"$85,000 - $100,000 a year"
Senior Data Scientist,Global IT Family,"New York, NY","$120,000 - $150,000 a year"
Data Science – Retail Analytics Senior Advisor,"Data Science Works, Inc","Woonsocket, RI","$90,000 - $120,000 a year"
Data Scientist,Rhino New York,"New York, NY",
"Sr Specialist, Quantitative Analytics and Data Science",Gartner,"Stamford, CT",
PhD Data Science Intern - Summer 2021,Vail Systems,"Chicago, IL",
Data Scientist,Lee Health,"Fort Myers, FL","$85,000 - $115,000 a year"
Data Scientist Associate,Day Zero Diagnostics,"Boston, MA",
"Director, Data Science","Grubhub Holdings, Inc.","Chicago, IL",
Data Science Specialist/Practice Lead,HNTB Corporation,"Chicago, IL",
"Data Scientist, Video Analytics",Reddit,California,
Data Analyst,AVIVA Talent Advisors,Remote,"$55,000 - $65,000 a year"
Data Science Intern,Sikka Software,"Santa Clara, CA",
Data Scientists Analysts,Altair Engineering,"Dearborn, MI",
"Data Analyst/Programmer (On-Site, Torrance)","Magnetic Component Engineering, Inc","Torrance, CA",$27 - $33 an hour
"Portfolio Operations - Data Science, Engineering Analyst",Blackstone Group,"New York, NY",
Neural Data Scientist,MindX,Remote,
AI Engineer,Foxconn Industrial Internet - FII,"Sturtevant, WI",
Director of Data Science & Analytics,Apergy,"The Woodlands, TX",
MBA Intern: Data Science,Biogen,"Cambridge, MA",
Data Scientist,Altice,"Long Island City, NY",
Business Data Scientist - Gainesville,UF Health Shands Hospital,"Gainesville, FL",$51.14 an hour
Data Scientist (Remote),vidIQ,Remote,
Senior SQL Big Data Developer,Zdaly,"Houston, TX","Up to $150,000 a year"
Data Scientist,Bottomline Technologies,New Hampshire,
Statistical Programmer,Cooperative Studies Program Coordinating Center,"Hines, IL","$70,987 - $92,281 a year"
"Data Scientist, Junior",Booz Allen Hamilton,"Alexandria, VA",
Head of Data Science,Voice,"Brooklyn, NY",
Systems/Data Engineer,Tesla,"Fremont, CA",
Data Engineer,charity: water,"New York, NY",
Data Analyst,"International Data Group, Inc.","Needham, MA",
Data Scientist,Phreesia,North Carolina,
Data Analyst,Blue Apron,"New York, NY",
Data Analyst,"Dovel Technologies, LLC","Rockville, MD",
Data Analyst,Dow Jones,"New York, NY",
Data Science/Stats Intern,Pivot Bio,"Berkeley, CA",
Data Scientist | Remote (US),Tara AI,"San Jose, CA",
VP/Director of Data Science,YouGov,"Washington, DC",
Python Data Engineer,RiskSpan,"Tysons Corner, VA",
Data Science Intern - Research,Wealthfront,"Palo Alto, CA",
Junior Data Scientist,Technica Corporation,"Dulles, VA","$55,000 - $65,000 a year"
Python Data Engineer,RiskSpan,"Tysons Corner, VA",
Data Science Intern - Research,Wealthfront,"Palo Alto, CA",
Junior Data Scientist,Technica Corporation,"Dulles, VA","$55,000 - $65,000 a year"
Data Analyst - Apprenticeship - Central AR,Arkansas Center for Data Sciences,"Little Rock, AR",
Senior Data Scientist,Chewy,"Hollywood, FL",
Research Data Scientist,Virginia Dept of Transportation,"Charlottesville, VA","$60,851 - $85,000 a year"
2021 NYL Data Scientist/Statistician Internship,New York Life Insurance Co,"New York, NY",
Data Analyst,Givelify,Texas,
Senior Product Data Analyst,Sentry Insurance,"Madison, WI",
Graph Data Science Product Manager (Remote),Neo4j,"New York, NY",
Brand Analyst - Ecommerce/Amazon Data,Jungle Scout,"Austin, TX",
Data Scientist,Thermo Fisher Scientific,"South San Francisco, CA",
Data Scientist,Bayer,"Creve Coeur, MO",
Data Engineer,When I Work,Remote,
Data Scientist - Game Engine,Roblox,"San Mateo, CA",
Python Data Engineer,RiskSpan,"Tysons Corner, VA",
Data Science Intern - Research,Wealthfront,"Palo Alto, CA",
Junior Data Scientist,Technica Corporation,"Dulles, VA","$55,000 - $65,000 a year"
Data Analyst - Apprenticeship - Central AR,Arkansas Center for Data Sciences,"Little Rock, AR",
Senior Data Scientist,Chewy,"Hollywood, FL",
Research Data Scientist,Virginia Dept of Transportation,"Charlottesville, VA","$60,851 - $85,000 a year"
2021 NYL Data Scientist/Statistician Internship,New York Life Insurance Co,"New York, NY",
Data Analyst,Givelify,Texas,
Senior Product Data Analyst,Sentry Insurance,"Madison, WI",
Graph Data Science Product Manager (Remote),Neo4j,"New York, NY",
Brand Analyst - Ecommerce/Amazon Data,Jungle Scout,"Austin, TX",
Data Scientist,Thermo Fisher Scientific,"South San Francisco, CA",
Data Scientist,Bayer,"Creve Coeur, MO",
Data Engineer,When I Work,Remote,
Data Scientist - Game Engine,Roblox,"San Mateo, CA",
Data Engineer,ECI,"Austin, TX","$58,000 - $120,000 a year"
"Data Science Discovery, Intern",Ancestry,"Lehi, UT",
Data Scientist,Performix,"Minneapolis, MN",
"Manager, NLP Data Scientist",KPMG,"Chicago, IL",
Data Scientist Summer Intern: 2021,IBM,United States,
Data Reporting Analyst,"Vheda, Inc.","Columbia, MD",
Senior Healthcare Data Analyst,Medical Home Network,"Chicago, IL",
Data Scientist (Home Loans),SoFi,"San Francisco, CA",
Data Scientist,OhioHealth,"Dublin, OH",
Principal Data Science Analyst - Risk Management,Mayo Clinic,"Rochester, MN",
Data Scientist,Insurify,"Cambridge, MA",
Data Science Intern,Amazon.com Services LLC,"Seattle, WA",
Gillette Data Science & Modeling and Simulation Scientist/Engineer Co-op - R&D,Procter & Gamble,"Boston, MA",
Data Analyst,Elutions,"Tampa, FL",
Data Scientist,ModivCare,"Denver, CO","$78,692 - $104,923 a year"
Data Science and Signals Engineer II,Medtronic,"Northridge, CA",
Data Analytics/Strategy Intern - Various U.S. Locations,TE Connectivity,"Middletown, PA",
Data Analyst II,Ryder,"Fort Worth, TX",
"Software Engineer, Data Science","LockerDome, Inc.","St. Louis, MO",
Data Scientist,auticon,"Columbus, OH",
Data Science Director - Machine Learning,Flatiron Health,"New York, NY",
Senior Business Data Analyst,Hexacta,"Portland, OR","$80,000 - $130,000 a year"
Business Intelligence Developer,US Acute Care Solutions,"Canton, OH","$70,000 - $90,000 a year"
Data Scientist,General Electric,"Atlanta, GA",
Data Scientist,PowerAdvocate,"Boston, MA",
"Data Engineer, Operations Decision Science",Delta,"Atlanta, GA",
Data Scientist - CBI - INTEGRIS,Integris Health,Oklahoma,
"Data Engineer, Business Operations","Nativo, Inc.",Remote,
Data Scientist,thredUP Inc,Remote,
Product Data Scientist,Curai,"Palo Alto, CA",
"Data Engineer, Operations Decision Science",Delta,"Atlanta, GA",
Data Scientist - CBI - INTEGRIS,Integris Health,Oklahoma,
"Data Engineer, Business Operations","Nativo, Inc.",Remote,
Data Scientist,thredUP Inc,Remote,
Product Data Scientist,Curai,"Palo Alto, CA",
Data Science Manager,Accenture,"Chicago, IL",
Sr.Data Scientist,Sky Consulting Inc,"Chicago, IL",
Data Analyst Intern,HG Insights,"Santa Barbara, CA",
Data Science Performance Software Intern for ACS,HP,"Fort Collins, CO",
"Intern, Data Science",Autodesk,California,
Data Scientist,Q2ebanking,"Cary, NC",
Data Scientist,Notion,"San Francisco, CA",
"Data Scientist, 40Hrs, Cardiovascular Medicine-One Brave Idea",Brigham & Women's Hospital(BWH),"Brookline, MA",
Machine Learning Engineer (Data Science),"Tyson Foods, Inc.","Springdale, AR",
Data Scientist lll,Performix,"Minneapolis, MN",
Energy - EV Infrastructure Data Scientist Internship (Summer 2021) ,Tesla,"Palo Alto, CA",
Sr. Data Science Analyst - Cardiovascular Medicine,Mayo Clinic,"Rochester, MN",
Data Scientist - Regional Merchandising Strategy,Wish,"San Francisco, CA",
Data Engineer,Kalderos,"Chicago, IL",
Data Analytics Manager,Wintrust Financial Corporation,"Rosemont, IL",
Analytics Data Scientist,Experian,United States,
Data Analyst,The University of Pittsburgh,"Pittsburgh, PA","$30,732 - $49,296 a year"
Summer Intern - Data Engineering,Q2ebanking,Remote,
Data Analyst,Deloitte,"Arlington, VA",
Senior Data Analyst,Central States Funds,"Chicago, IL",
Healthcare Data Scientist,"Amino, Inc.","San Francisco, CA",
Data Mining Intern,NVIDIA,"Santa Clara, CA",
Data Scientists Decisions Science Support,Altair Engineering,"Dearborn, MI",
Business Data Analyst,"Stefanini, Inc",Remote,
Staff Data Science Engineer,Echo Global Logistics,"Chicago, IL",
Junior Data Analyst,Abnormal Security,"Lehi, UT",
Data Engineer – Specialty Analytics Advisor,"Data Science Works, Inc","Northbrook, IL","$90,000 - $120,000 a year"
Data Science Engineer,Material Handling Systems Inc (E),"Atlanta, GA",
Senior Applied Data Scientist,dunnhumby,"Chicago, IL",
Data Scientist,2nd Order Solutions,"Glen Allen, VA",
Federal - Data Scientist,Accenture,"Washington, DC",
Data Scientist,Lowe's,"Charlotte, NC",
"Space Science Data Analysis, Modeling, and Instrumentation Postdoc",Los Alamos National Laboratory,"Los Alamos, NM",
Data Scientist Contractor,Deloitte,"Sunnyvale, CA",$60 - $70 an hour
"Sr Principal, Quantitative Analytics and Data Science",Gartner,"Stamford, CT",
Vice President of Data Science,"ServiceLink Services, LLC","Pittsburgh, PA",
Data Scientist,Natera,"San Carlos, CA",
"Paid Summer Intern - Graduate, Data Scientist",Levi Strauss & Co.,"San Francisco, CA",
Data Scientist II,HMS,"Irving, TX",
Data Scientist,Extend,"San Francisco, CA",
Data Science Manager,Tuft & Needle,Remote,
Data Management Solution Architect,Deloitte,"Chicago, IL",
Postdoctoral Appointment - Computational Modeling and Machine Learning,Argonne National Laboratory,"Lemont, IL",
Data Scientist,KNG Health Consulting,"Rockville, MD",
Senior Data Scientist,GSR Business Services (P) Ltd,"San Francisco, CA","$171,107 - $240,854 a year"
Economist / Statistician (Economics),US Department of Labor,"Chicago, IL","$47,967 - $111,720 a year"
IT Data Science Analyst,"Bray International, Inc.","Houston, TX",
Sr. Data Scientist,Allscripts,Georgia,
Data Scientist,Cypress.io,"Atlanta, GA",
Data Engineer,Slalom Consulting,"New York, NY",
Principal Data Science - IHM,Discover,"Riverwoods, IL",
Data Scientist (Decision Science Identity Team),Epsilon,"Chicago, IL",
"Full Time Sr. Data Scientist/Algorithm Engineer - Irvine, Ca",11Health and Technologies Inc,"San Diego, CA","$100,000 - $130,000 a year"
Data Science Intern,Macedon Real Estate,"Pittsburgh, PA",$7.25 an hour
"Assistant Director, Data Science / Director I, Data Science",Liberty Mutual Insurance,"Boston, MA","$121,700 a year"
Data Scientist I,ReaderLink,"Oak Brook, IL",
Data Scientist,"Vaporsens, Inc.","Salt Lake City, UT",
Curriculum Developer,Flockjay,Remote,
Summer Intern - Health Data Mining,"The Segal Group, Inc.","New York, NY",
Machine Learning & Artificial Intelligence Data Scientist (600824),Aramco Services Company,"Houston, TX",
Marketing Data Scientist,Indeed,"Austin, TX","$70,000 - $92,000 a year"
DATA SCIENCE CONSULTANT HOUSTON,managementsolutions,"Houston, TX",
Data Warehousing Engineer,SpendMend,"Grand Rapids, MI",
"Director, Data Analytics",BenefitHub,"Tampa, FL",
Data Scientist,Kaplan,Remote,
Senior Data Scientist,Empower Retirement,Remote,
"Data Scientist, Payments Data Science, WPC Analytics - Austin",Apple,"Austin, TX",
"Data Science Winter Intern, Eagle Intelligence",First Republic Bank,"San Francisco, CA",
Data Analyst /,ENGAGE Talent,"Junior, WV",
Data Science Course Teaching Assistant,Springboard,Remote,
Data Analyst,New Visions Central Office,"New York, NY",
VBA Data Developer (Entry Level),Argus Media,"Houston, TX",
Senior Analyst-Data Science,Infosys Limited,"Richardson, TX",
"Data Analyst, Analytics (Contractor)",Evernote,"Austin, TX",
Business Analytics & Data Science Intern,Bayer,"Whippany, NJ",
Data Scientist,Whiterock AI,"New York, NY",
Head of Product Analytics & Data Science,Duolingo,"New York, NY",
Clinical Data Science Analyst I - Genetics,Mount Sinai,"New York, NY",
Data Scientist,Plateau Software Inc,"O'Fallon, IL","$110,000 - $120,000 a year"
Full Time Opportunities for Students or Recent Graduates: Data & Applied Sciences,Microsoft,"Redmond, WA",
Data Engineer,Roofstock,Remote,
Data Science Analyst,Novel Engineering,"Melbourne, FL",
"Urban Data and Analytics Associate, WRI Ross Center for Sustainable Cities",World Resources Institute,Remote,
"Data Scientist (m/f/d), Carlsbad US",Verve Group,"Carlsbad, CA",
Data Scientist IV,Credit Karma,"Charlotte, NC",
Data Scientist,SSI,"Detroit, MI",
Analytics Intern,"Navistar, Inc.","Lisle, IL",
Business Analytics & Data Science Intern,Bayer,"Whippany, NJ",
Data Scientist,Whiterock AI,"New York, NY",
Head of Product Analytics & Data Science,Duolingo,"New York, NY",
Clinical Data Science Analyst I - Genetics,Mount Sinai,"New York, NY",
Full Time Opportunities for Students or Recent Graduates: Data & Applied Sciences,Microsoft,"Redmond, WA",
Data Engineer,Roofstock,Remote,
Data Science Analyst,Novel Engineering,"Melbourne, FL",
"Urban Data and Analytics Associate, WRI Ross Center for Sustainable Cities",World Resources Institute,Remote,
"Data Scientist (m/f/d), Carlsbad US",Verve Group,"Carlsbad, CA",
Data Scientist IV,Credit Karma,"Charlotte, NC",
Data Scientist,SSI,"Detroit, MI",
Analytics Intern,"Navistar, Inc.","Lisle, IL",
Data Scientist / Statistician,Pinnacle Solutions Inc,"Indianapolis, IN",
Research Analyst,Designalytics,"Chicago, IL","$50,000 - $55,000 a year"
Data Science Intern (USA Remote),Pathrise,Remote,
Data Scientist,Pivotal Software,"Washington, DC",
Data Scientist,Colsh Consultants,"Chicago, IL",
Respawn Analytics Intern,Electronic Arts,"Los Angeles, CA",
"Director, Communications Algorithms Data Science",Nike,"Beaverton, OR",
Data Scientist/Machine Learning Engineer,Ephesoft,"Irvine, CA",
Postdoctoral Appointee – Quantum Machine Learning,Argonne National Laboratory,"Lemont, IL",
Data Analyst Intern - Diversity Programs,Oracle,"Burlington, MA",$25 an hour
Big Data Developer - REMOTE,Grid Dynamics,"Milwaukee, WI",
Pre-Sales Data Scientist,Socure,New York State,
Data Scientist - Analytics (Up to $125k + 100% Remote Option),Hired Recruiters,"San Francisco, CA",
Data Science Manager,Kitcheck,"Washington, DC",
Data Scientist - Ranking,Faire,California,
"Data Science Engineer, Recent Graduate",eBay Inc.,"San Jose, CA",
Data Scientist,Capax Global LLC,"Chicago, IL",
Data /Software Engineers,Ars Quanta,"Seattle, WA",
Data Developer,Neuberger Berman,"Chicago, IL",
Data Science Analyst,CVS Health,"Wellesley, MA",
Data Engineer,Teacher Retirement System of Texas,"Austin, TX",
Data Scientist - REMOTE,General Dynamics Information Technology,"Ridgecrest, CA",
Data Scientist,Navy Federal Credit Union,"Vienna, VA",
Data Science Engineer,OpenTable,"Denver, CO",
Data Engineer Intern,PG&E Corporation,"San Francisco, CA",
Data Engineer (SQL Developer),Tempus,"Chicago, IL",
Intern - Data Analytics,PPL Corporation,"Allentown, PA",
Data Scientist,Chen Lab @ Boston University,"Boston, MA",
Principal Tech Sourcer - Data Science & Analytics,Uber,"Dallas, TX",
Data Science Summer 2021 Intern,NT Concepts,"Vienna, VA",
Senior Javascript/Typescript Engineer - Data Science Platform,Bloomberg,"San Francisco, CA",
Senior Data Science Analyst,IU Health Plans,"Indianapolis, IN",
Principal Data Science - IHM,Discover Financial Services,"Riverwoods, IL",
Data Developer,Neuberger Berman,"Chicago, IL",
Data Science Analyst,CVS Health,"Wellesley, MA",
Data Engineer,Teacher Retirement System of Texas,"Austin, TX",
Data Scientist - REMOTE,General Dynamics Information Technology,"Ridgecrest, CA",
Data Scientist,Navy Federal Credit Union,"Vienna, VA",
Data Science Engineer,OpenTable,"Denver, CO",
Data Engineer Intern,PG&E Corporation,"San Francisco, CA",
Data Engineer (SQL Developer),Tempus,"Chicago, IL",
Intern - Data Analytics,PPL Corporation,"Allentown, PA",
Data Scientist,Chen Lab @ Boston University,"Boston, MA",
Principal Tech Sourcer - Data Science & Analytics,Uber,"Dallas, TX",
Data Science Summer 2021 Intern,NT Concepts,"Vienna, VA",
Senior Javascript/Typescript Engineer - Data Science Platform,Bloomberg,"San Francisco, CA",
Senior Data Science Analyst,IU Health Plans,"Indianapolis, IN",
Principal Data Science - IHM,Discover Financial Services,"Riverwoods, IL",
Principal Data Science - IHM,Discover Financial Services,"Riverwoods, IL",
Arity-Data Scientist-Sr Manager (Remote-Home Based Worker),Allstate,"Chicago, IL",
Data Analyst,Apple,"Santa Clara Valley, CA",
Computer Vision Data Scientist,McDonald's Corporation,"Chicago, IL",
Associate Director Data Science and Analytics,Publicis Sapient,"Chicago, IL",
Data Quality Specialist,Aquant,"New York, NY",
"Senior Engineer, Data Visualization (Tableau)",EVERFI,"Washington, DC",
Senior Data Scientist,Vibes,"Chicago, IL",
AWS Data Engineer / Scientist (Virtual Opportunity),Sealaska Corporation,Remote,
Machine Learning Engineer,Lenovo,"Chicago, IL",
Data Science Engineer,VideoMining,"State College, PA",
Data Analyst,Alarm.com,"Tysons Corner, VA",
Data Analyst Intern - 2021 Internship,Motorola Solutions,"Elgin, IL",
Data Scientist,UAM Division of Hyundai Motor Group,"Fremont, CA",
Assoc Mgr Data Science,Bayer,United States,
Data Scientist,Lexis Nexis / Reed Elsevier Technology,"Minneapolis, MN",
Applied Data Science Associate: DRGov (Cleared),DataRobot,"Washington, DC",
"Sr. Manager, Data Science and Analytics",Comcast,"Philadelphia, PA",
IT Data Engineering Intern,Shure Incorporated,"Skokie, IL",
Growth Analyst,Pillar Staffing Solutions,"Los Angeles, CA","$100,000 - $110,000 a year"
Data Scientist,Plymouth Rock Assurance,"Woodbridge, NJ",
Data Analytics Consultant,Inspire11,"Chicago, IL",
2021 EPIC Analytics and Data Science Intern,Trane Technologies,"Davidson, NC",
Data Scientist,Apptio,Oregon,
Data Scientist,Kaiser Permanente,"Pasadena, CA",
Staff Data Scientist,Snapdocs,"San Francisco, CA",
Data Visualization Specialist,Crunch.io,"San Francisco Bay Area, CA",
Sr Data Scientist,Citizens,"Boston, MA",
Senior Data Scientist,"SPINS, LLC","Chicago, IL",
Enterprise Data Scientist I,Farmers Insurance Group,"Woodland Hills, CA",
Data Scientist,Plymouth Rock Assurance,"Woodbridge, NJ",
Data Analytics Consultant,Inspire11,"Chicago, IL",
2021 EPIC Analytics and Data Science Intern,Trane Technologies,"Davidson, NC",
"Data Scientist, Analytics",Facebook,"Austin, TX",
Data Analyst,PayLink Direct,United States,"$49,716 - $113,345 a year"
Data Scientist,Apptio,Oregon,
Data Scientist,Kaiser Permanente,"Pasadena, CA",
Staff Data Scientist,Snapdocs,"San Francisco, CA",
Data Visualization Specialist,Crunch.io,"San Francisco Bay Area, CA",
Sr Data Scientist,Citizens,"Boston, MA",
Senior Data Scientist,"SPINS, LLC","Chicago, IL",
Enterprise Data Scientist I,Farmers Insurance Group,"Woodland Hills, CA",
"Data Scientist, Advanced Data Analytics",ADM Tech Services,"Naperville, IL",
Senior Data Analyst,Apgar Consulting,"Austin, TX","$82,988 - $90,015 a year"
Data Analyst,Steck Systems,"Austin, TX",
Data Engineer,Red Ventures,"Charlotte, NC",
Data Scientist,nFUZION,"Louisville, KY","$130,000 - $150,000 a year"
Data Science Statistician,Weill Cornell Medicine,"New York, NY",
Social Data Analyst - Social Services,Metropolitan Government of Nashville & Davidson Co...,"Nashville, TN","$83,417 a year"
"Data Science Engineer with DOD exp. in Arlington, VA",Pentrogon security,"Arlington, VA",$34 - $80 an hour
Data Science - Finance Operations,Transplace,"Lowell, AR",
Data Engineer,Vision Planning and Consulting,"New York, NY",
Data Scientist,Bright Cellars,Remote,
GIS Data Scientist,Claritas Llc,"Cincinnati, OH",
Data Scientist (Federal),C3 AI,"Washington, DC",
Data Engineer - VEO,Aptive,"Washington, DC",
GIS Data Scientist,Claritas,"Cincinnati, OH",
Data Scientist,PK,Remote,
Data Scientist (Digital Analytics & Monetization),Sony Interactive Entertainment PlayStation,"San Mateo, CA",
Data Scientist,A Priori Technologies,"Irvine, CA",$30 - $55 an hour
Data/Financial Scientist,"AllocateRite, LLC","New York, NY","$100,000 - $115,000 a year"
Bioinformatics Data Analyst,Regeneron,"Tarrytown, NY",
Alteryx Specialist - Data Scientist,Data Meaning,"Arlington, VA",
Data Scientist,Enable Data,"Minneapolis, MN",
Associate Data Scientist,The Home Depot,"Atlanta, GA",
Quality Data Scientist,Riverside Health System,"Newport News, VA",
Data Scientist Applied Statistician I,Bayer,"Creve Coeur, MO",
Data Scientist,Amperity,Washington State,
Data Engineer,Red Ventures,"Charlotte, NC",
Data Scientist,nFUZION,"Louisville, KY","$130,000 - $150,000 a year"
Data Science Statistician,Weill Cornell Medicine,"New York, NY",
Social Data Analyst - Social Services,Metropolitan Government of Nashville & Davidson Co...,"Nashville, TN","$83,417 a year"
"Data Science Engineer with DOD exp. in Arlington, VA",Pentrogon security,"Arlington, VA",$34 - $80 an hour
Data Science - Finance Operations,Transplace,"Lowell, AR",
Data Engineer,Vision Planning and Consulting,"New York, NY",
Data Engineer - VEO,Aptive,"Washington, DC",
GIS Data Scientist,Claritas,"Cincinnati, OH",
Data Scientist,PK,Remote,
Data Scientist (Digital Analytics & Monetization),Sony Interactive Entertainment PlayStation,"San Mateo, CA",
Data Scientist,A Priori Technologies,"Irvine, CA",$30 - $55 an hour
Data Science Internship: Summer 2021,Infotech,"Gainesville, FL",
Artificial Intelligence (AI) and Data Science Engineer,EGlobalTech,"Washington, DC",
Postdoctoral Research Associate –Automation and Data infrastructure,Argonne National Laboratory,"Lemont, IL",
"Data Science Manager, Credit",Brex,"San Francisco, CA",
"Sr. Scrum Master, Data Analytics and AI",Levi Strauss & Co.,"San Francisco, CA",
"Analyst, Finance & Analytics","Grubhub Holdings, Inc.","Chicago, IL",
"Data Scientist, AI Lab",Kaia Health Software GmbH,"New York, NY",
Data Scientist,J5 Consulting,"Herndon, VA",
The Data Science Analyst,Data Bridge Consultants,Georgia,
"Senior Digital Analyst, Data Scientist",Wunderman Thompson,"Chicago, IL",
The Data Science Analyst,Data Bridge Consultants,Georgia,
"Senior Digital Analyst, Data Scientist",Wunderman Thompson,"Chicago, IL",
Manager - Data Science & Analytics,Twitch,"San Francisco, CA",
Data Scientist - Data Analytics,Costco Wholesale,"Seattle, WA",
"Data Scientist (Remote OK, US Only)",Lark Health,California,
Data Visualization Engineer,Tekcogno,"San Jose, CA","$93,368 - $130,000 a year"
"Vice President, Enterprise Data & Analytics Global",Red Hat Software,"Raleigh, NC",
Data Scientist,Recorded Future,"Somerville, MA",
DATA ANALYST,University of Washington,"Seattle, WA",
Manager Data Science,Novant Health,"Fort Mill, SC",
Intern - Online Data Science (PhD),The Home Depot,"Atlanta, GA",
Statistician,RCI,Remote,$28 - $40 an hour
Data Scientist I,Levi Strauss & Co.,"San Francisco, CA",
Data Scientist,NBCUniversal,"Seattle, WA",
"Head of People Research & Data Science, People Analytics",Nike,"Beaverton, OR",
Data Scientist,NBCUniversal,"Seattle, WA",
"Head of People Research & Data Science, People Analytics",Nike,"Beaverton, OR",
Senior Data Scientist,"Mastery Logistics Systems, Inc.","Chicago, IL",
"Manager, Data Science","Alteryx, Inc.","Broomfield, CO",
Data Sciences - Senior Associate,TheMathCompany,"Chicago, IL",
Senior Data Scientist,Vanguard,"Malvern, PA",
AI Residency Program 2021 - US Locations,Facebook,"Menlo Park, CA",
"Leadership Partner, Data & Analytics",Gartner,United States,
"Research Analyst, Investment Data Science",Wellington Management,"Boston, MA",
STATISTICAL ASSISTANT,The State of New Hampshire,"Concord, NH",$16.73 - $22.99 an hour
"Data Scientist, Insurance",Tesla,"Fremont, CA",
Intern – Data Scientist,Soothsayer Analytics,"Livonia, MI",
Senior Data Engineer (Remote),Glassdoor,"Chicago, IL",
Software Engineer II - Data Science,"RetailMeNot, Inc.","Austin, TX",
Data Scientist,Jacobs,"Herndon, VA",
Data Science Director,Kemper,"Chicago, IL",
Data Engineer,HFI-Healthcare Financial,"Quincy, MA",
Columbia Threadneedle Investments 2021 Summer Graduate Intern – Data Science,Ameriprise Financial,"Minneapolis, MN",
Data Engineer,AllianceBernstein,"Nashville, TN",
Applied Sciences Specialists (Data Engineering + Data Sciences),ThirdEye Data,"San Jose, CA",
Data Engineer,Stenograph LLC,"Downers Grove, IL",
Analyst,Weber Shandwick,"Chicago, IL",
Front-End Engineer,Mesh Plus Plus,"Chicago, IL","$90,000 - $120,000 a year"
Analytics and Data Science Recruiter,Carvana,"Tempe, AZ",
"Principal Cybersecurity Engineer, Data Science & Analytics",Discover Financial Services,"Riverwoods, IL",
Systems Engineer Data Science,Johnson & Johnson Family of Companies,"Redwood City, CA",
"(Sr) Research Associate, Data Science",Virginia Tech,"Washington, DC",
Data Scientist,Oishii,"Kearny, NJ",
Forensic Data Analytics Senior Associate - Nationwide,BDO,"Oak Brook, IL",
Data Scientist,JES Tech,"Houston, TX","From $55,000 a year"
SR Data Analyst/Engineer,Oxford Global Resources,"Pittsburgh, PA",
Senior Data Scientist (Operations Research),CyberCoders,"St. Louis, MO",
"Product Manager, AI and Analytics",Facebook,"Menlo Park, CA",
"Lead Specialist, Federal Big Data Engineer",KPMG,"Dallas, TX",
Senior Data Engineer,KPMG,"Atlanta, GA",
Sr. Data Scientist,Gables Search Group,"Newton, MA",
"Senior Associate/Manager, AI Design Modeler",KPMG,"Chicago, IL",
Software Developer,Acara Solutions,"Norwood, MA",$41.38 an hour
"Application Developer (functional or object oriented language Java, Python, etc) - Senior",Envision LLC,"St. Louis, MO",
IT Digital Supply Chain Senior Consultant,Ascent Services Group,"White Plains, NY",
